GENE_SYMBOL,POSITION,REF,ALT,GAF,MAX_FREQ,CONSEQUENCE,IMPACT,EXON,HGVSc,HGVSp,INCLIVA_PATH_MUTATION,HOTSPOT,MIXED_DB,MIXED_ORIGIN,MIXED_CLIN_SIG,VARIANT_ID,1000G_AF,MAX_AF,GNOMAD,CLINVAR,SIFT,POLYPHEN,REVIEWED_VARIANT,ONCOGENIC,TREATMENT,GENEINFO,EVIDENCE_LEVEL,PUBMED,TT-PDAC-018_FREQUENCY,TT-PDAC-018_DP,TT-PDAC-021_FREQUENCY,TT-PDAC-021_DP,TT-PDAC-029_FREQUENCY,TT-PDAC-029_DP,TT-PDAC-032_FREQUENCY,TT-PDAC-032_DP,TT-PDAC-034_FREQUENCY,TT-PDAC-034_DP,TT-PDAC-035_FREQUENCY,TT-PDAC-035_DP,TT-PDAC-037_FREQUENCY,TT-PDAC-037_DP,TT-PDAC-042_FREQUENCY,TT-PDAC-042_DP,TT-PDAC-044_FREQUENCY,TT-PDAC-044_DP,TT-PDAC-050_FREQUENCY,TT-PDAC-050_DP,INC_DRIVER
BRCA1,chr17:43082560,G,A,1,0.0588,stop_gained,HIGH,12|23,ENST00000357654.9:c.4201C>T,p.Gln1401Ter,-,-,yes,germline,Pathogenic,CM109757&rs397509151,-,-,-,pathogenic,-,-,FALSE,Likely_Oncogenic,Rucaparib|Niraparib|Talazoparib|Olaparib,BRCA1:672,-,21120943,-,-,-,-,-,-,-,-,-,-,-,-,-,-,-,-,0.0588,68,-,-,Ib
CDKN2A,chr9:21971188,GGC,G,1,0.1667,frameshift_variant,HIGH,2|3,ENST00000304494.10:c.169_170del,p.Ala57ProfsTer62,-,-,-,-,-,COSM48951,-,-,-,-,-,-,FALSE,-,-,-,-,-,0.1667,342,-,-,-,-,-,-,-,-,-,-,-,-,-,-,-,-,-,-,VI
CDKN2A,chr9:21974696,G,GT,1,0.1022,stop_gained&frameshift_variant,HIGH,1|3,ENST00000304494.10:c.131dup,p.Tyr44Ter,-,-,-,-,-,rs730881673&COSM14233,-,9.06E-06,4.05E-06,-,-,-,FALSE,Likely_Oncogenic,Abemaciclib|Ribociclib|Palbociclib,CDKN2A:1029,-,26681309&15146471&17218939&16234564&9699728&29661971&16905682,-,-,-,-,-,-,-,-,-,-,-,-,0.1022,186,-,-,-,-,-,-,Ib
KRAS,chr12:25245350,C,T,5,0.2676,missense_variant,MODERATE,2|5,ENST00000311936.8:c.35G>A,p.Gly12Asp,yes,-,-,-,-,COSM521&rs121913529,-,2.94E-05,4.01E-06,pathogenic/likely_pathogenic&pathogenic&likely_pathogenic,deleterious(0),benign(0.21),TRUE,Oncogenic,Trametinib|Binimetinib|Panitumumab|Cobimetinib|Cetuximab,KRAS:3845,-,26900293&22499344&2278970&3122217&12460918&16434492&19075190&22407852&25032700&25157968&17332249&21079152&17384584&18794081&19047918&19029981&17704260&19255327&19773371&22683711&23406027&19018267&21975775&16361624&16618717&18316791&19114683&19679400&20921462&20921465&21228335&15696205&21398618&7773929&8439212&15842656&17910045&19358724&19794967&19881948&20609353&20805368&20949522&21169357&22025163&22235099&22282465&22897852&23014527&23182985&25044103&26372703&27872090&29525983&31949278&29721857&30463544&29298116&31891627&31117243&25695684&32000721&23096712&32175330&33076847&32550823&32770181&31836588&34381078&28708103&33832922&34027089&26071483&34117074&33254149,0.0602,83,0.1034,58,-,-,0.0667,60,-,-,-,-,0.1395,86,-,-,-,-,0.2676,71,Ia
KRAS,chr12:25245350,C,A,3,0.2424,missense_variant,MODERATE,2|5,ENST00000311936.8:c.35G>T,p.Gly12Val,yes,-,-,-,-,COSM520&rs121913529,-,0,0,pathogenic&likely_pathogenic,deleterious(0),probably_damaging(0.96),TRUE,Oncogenic,Trametinib|Binimetinib|Panitumumab|Cobimetinib|Cetuximab,KRAS:3845,-,26900293&22499344&2278970&3122217&12460918&16434492&19075190&22407852&25032700&25157968&17332249&21079152&17384584&18794081&19047918&19029981&17704260&19255327&19773371&22683711&23406027&19018267&21975775&16361624&16618717&18316791&19114683&19679400&20921462&20921465&21228335&15696205&21398618&7773929&8439212&15842656&17910045&19358724&19794967&19881948&20609353&20805368&20949522&21169357&22025163&22235099&22282465&22897852&23014527&23182985&25044103&26372703&27872090&29525983&31949278&29721857&30463544&29298116&31891627&31117243&25695684&32000721&23096712&32175330&33076847&32550823&32770181&31836588&34381078&28708103&33832922&34027089&26071483&34117074&33254149,-,-,-,-,-,-,-,-,0.1014,69,-,-,-,-,0.1429,35,-,-,-,-,Ia
KRAS,chr12:25245351,C,G,3,0.5455,missense_variant,MODERATE,2|5,ENST00000311936.8:c.34G>C,p.Gly12Arg,yes,-,-,-,-,rs121913530&COSM518&CM076251,-,0,0,uncertain_significance&pathogenic,deleterious(0.03),benign(0.302),TRUE,Oncogenic,Trametinib|Binimetinib|Panitumumab|Cobimetinib|Cetuximab,KRAS:3845,-,24033266&26900293&12460918&25157968&17332249&17384584&18794081&30048458&17704260&19255327&19773371&23406027&19018267&21975775&16361624&16618717&18316791&19114683&19679400&20921462&20921465&21228335&15696205&7773929&19358724&23014527&23182985&25044103&6320174&6695174&11745231&18594010&22722830&26242988&28347348&29610392&31666701&31117243&32000721&32175330&32805489&34381078&30797065&33254149&23480694&32934698&34649968,-,-,-,-,-,-,-,-,-,-,0.2609,46,-,-,-,-,0.3191,47,-,-,Ia
MLH3,chr14:75022888,A,G,1,0.0625,missense_variant,MODERATE,10|12,ENST00000380968.6:c.3944T>C,p.Leu1315Pro,-,-,-,-,-,rs776703991,-,6.53E-05,7.95E-06,-,deleterious(0),probably_damaging(0.992),FALSE,-,-,MLH3:27030,-,-,-,-,-,-,-,-,-,-,0.0625,96,-,-,-,-,-,-,-,-,-,-,V
PALLD,chr4:168921670,C,T,1,0.0606,missense_variant,MODERATE,17|21,ENST00000261509.10:c.2936C>T,p.Ala979Val,-,-,-,-,-,COSM6846399&rs190961769,2.00E-04,0.0014,3.98E-06,-,deleterious(0),probably_damaging(0.986),FALSE,-,-,PALLD:23022|CBR4:84869,-,-,-,-,-,-,-,-,-,-,-,-,-,-,-,-,-,-,-,-,0.0606,66,V
TP53,chr17:7670685,G,A,1,0.1739,stop_gained,HIGH,10|11,ENST00000269305.9:c.1024C>T,p.Arg342Ter,-,-,yes,Somatic,Pathogenic,CM004908&rs730882029&COSM11073,-,-,-,pathogenic,-,-,FALSE,Likely_Oncogenic,-,TP53:7157,-,20436704&21761402&20522432&26911350&26230955&21665182&22186996&27959731&23484829&27680515&16969106&24382691&19711436&25516983&26718964&19714490&27463065&21519010&25952993&17567834&26425688,0.1739,184,-,-,-,-,-,-,-,-,-,-,-,-,-,-,-,-,-,-,II
TP53,chr17:7673704,G,A,1,0.3789,stop_gained,HIGH,8|11,ENST00000269305.9:c.916C>T,p.Arg306Ter,yes,-,yes,Somatic,Pathogenic,CM971506&COSM10663&rs121913344,-,0,-,pathogenic&likely_pathogenic,-,-,FALSE,Likely_Oncogenic,-,TP53:7157,-,25741868&25157968&20522432&23255406&28873162&9067756&24382691&26225655&30107858&30104415&31658756&27726232,-,-,-,-,-,-,-,-,-,-,0.3789,161,-,-,-,-,-,-,-,-,II
TP53,chr17:7674220,C,T,1,0.0667,missense_variant,MODERATE,7|11,ENST00000269305.9:c.743G>A,p.Arg248Gln,yes,-,yes,Somatic,Pathogenic,COSM10662&rs11540652&COSM99602&CM920675,-,2.94E-05,1.19E-05,pathogenic&pathogenic/likely_pathogenic&likely_pathogenic,deleterious(0),probably_damaging(0.994),TRUE,Likely_Oncogenic,-,TP53:7157,-,26824983&26619011&25032700&25157968&26845104&25307848&30867801&31188922&21264207&26822237&26716509&18798306&15450681&25105660&20377871&1565143&1683921&9569050&10797439&11139324&15004724&16489069&17606709&18511570&19556618&23161690&24381225&24487413&24641375&24651012&30744407&21305319&21761402&25584008&1978757&20128691&21343334&12826609&26230955&11479205&15381368&7887414&21552135&16861262&20407015&29525983&27683180&29721857&9290701&9546439&2046748&30709875&15722483&22186996&16818505&27959731&21601526&10411893&28152038&27680515&1359493&29489754&16682957&32000721&23538418&8062826&29478780&27463065&23639312&20113312&21187651&29752822&11793474&24501221&9242456&21519010&22110706&25952993&24810334&31395597&34203389&33562188&33076847&33313162&32467344&33747920&32843430&32867815&34247193&34771529,-,-,-,-,0.0667,555,-,-,-,-,-,-,-,-,-,-,-,-,-,-,II
TP53,chr17:7674221,G,A,1,0.1294,missense_variant,MODERATE,7|11,ENST00000269305.9:c.742C>T,p.Arg248Trp,yes,-,yes,Somatic,Pathogenic,COSM10656&CM010465&CM900211&rs121912651,-,8.79E-06,3.98E-06,uncertain_significance&pathogenic&pathogenic/likely_pathogenic&likely_pathogenic,deleterious(0),probably_damaging(1),TRUE,Likely_Oncogenic,-,TP53:7157,-,24033266&25525159&26900293&26619011&25157968&26787237&25925845&16489069&17606709&30744407&1631137&1978757&20522432&20128691&21343334&24573247&8099841&8425176&8527048&9598730&9825943&12826609&17427234&20013323&27374712&28664506&9290701&19378321&11180592&29025599&21601526&28472496&23667202&28724667&15825182&22713868&24651015&17417627&22919068&23172776&11051239&9242456&24603336&24038938&11920959&22265402&23950206&32293552&34178683&34771529,-,-,-,-,-,-,0.1294,510,-,-,-,-,-,-,-,-,-,-,-,-,II
TP53,chr17:7675095,C,A,1,0.2614,missense_variant,MODERATE,5|11,ENST00000269305.9:c.517G>T,p.Val173Leu,yes,-,yes,Somatic,Pathogenic,rs876660754&COSM43559&CM070299,-,-,-,pathogenic&likely_pathogenic,deleterious(0),possibly_damaging(0.827),TRUE,Likely_Oncogenic,-,TP53:7157,-,26619011&16494995&21343334&12826609&16861262&9572492&20407015&9407971&30224644&15037740&29979965&30840781&30720243&23967324&30709381&16474844&34771529,-,-,-,-,-,-,-,-,-,-,-,-,-,-,-,-,-,-,0.2614,176,II
